913,22765,PARAMETER_LINK
915,22766,PARAMETER_LINK
924,22767,PARAMETER_LINK
926,22768,PARAMETER_LINK
939,22769,PARAMETER_LINK
941,22770,PARAMETER_LINK
944,22771,PARAMETER_LINK
946,22772,PARAMETER_LINK
949,22773,PARAMETER_LINK
951,22774,PARAMETER_LINK
954,22775,PARAMETER_LINK
956,22776,PARAMETER_LINK
959,22777,PARAMETER_LINK
961,22778,PARAMETER_LINK
964,22779,PARAMETER_LINK
966,22780,PARAMETER_LINK
973,22781,PARAMETER_LINK
1020,22782,PARAMETER_LINK
1105,22783,PARAMETER_LINK
1115,22784,PARAMETER_LINK
1117,22785,PARAMETER_LINK
1119,22786,PARAMETER_LINK
1121,22787,PARAMETER_LINK
1123,22788,PARAMETER_LINK
1127,22789,PARAMETER_LINK
1142,22790,PARAMETER_LINK
1144,22791,PARAMETER_LINK
1155,22792,PARAMETER_LINK
1157,22793,PARAMETER_LINK
1160,22794,PARAMETER_LINK
1172,22795,PARAMETER_LINK
1175,22796,PARAMETER_LINK
1182,22797,PARAMETER_LINK
1220,22798,PARAMETER_LINK
1228,22799,PARAMETER_LINK
1241,22800,PARAMETER_LINK
1245,22801,PARAMETER_LINK
1250,22802,PARAMETER_LINK
1273,22803,PARAMETER_LINK
1330,22804,PARAMETER_LINK
1353,22805,PARAMETER_LINK
1360,22806,PARAMETER_LINK
1399,22807,PARAMETER_LINK
1424,22808,PARAMETER_LINK
1434,22809,PARAMETER_LINK
1450,22810,PARAMETER_LINK
1452,22811,PARAMETER_LINK
1466,22812,PARAMETER_LINK
1478,22813,PARAMETER_LINK
1482,22814,PARAMETER_LINK
1489,22815,PARAMETER_LINK
1493,22816,PARAMETER_LINK
1512,22817,PARAMETER_LINK
1516,22818,PARAMETER_LINK
1519,22819,PARAMETER_LINK
1535,22820,PARAMETER_LINK
1543,22821,PARAMETER_LINK
1548,22822,PARAMETER_LINK
1648,22823,PARAMETER_LINK
1651,22824,PARAMETER_LINK
1715,22825,PARAMETER_LINK
1718,22826,PARAMETER_LINK
1721,22827,PARAMETER_LINK
1724,22828,PARAMETER_LINK
1726,22829,PARAMETER_LINK
1728,22830,PARAMETER_LINK
1731,22831,PARAMETER_LINK
1739,22832,PARAMETER_LINK
1747,22833,PARAMETER_LINK
1834,22834,PARAMETER_LINK
1838,22835,PARAMETER_LINK
1853,22836,PARAMETER_LINK
1879,22837,PARAMETER_LINK
1903,22838,PARAMETER_LINK
1910,22839,PARAMETER_LINK
1936,22840,PARAMETER_LINK
1939,22841,PARAMETER_LINK
1947,22842,PARAMETER_LINK
1955,22843,PARAMETER_LINK
1998,22844,PARAMETER_LINK
2032,22845,PARAMETER_LINK
2048,22846,PARAMETER_LINK
2051,22847,PARAMETER_LINK
2085,22848,PARAMETER_LINK
2098,22849,PARAMETER_LINK
2116,22850,PARAMETER_LINK
2118,22851,PARAMETER_LINK
2145,22852,PARAMETER_LINK
2167,22853,PARAMETER_LINK
2169,22854,PARAMETER_LINK
2173,22855,PARAMETER_LINK
2197,22856,PARAMETER_LINK
2208,22857,PARAMETER_LINK
2211,22858,PARAMETER_LINK
2216,22859,PARAMETER_LINK
2219,22860,PARAMETER_LINK
2222,22861,PARAMETER_LINK
2224,22862,PARAMETER_LINK
2231,22863,PARAMETER_LINK
2239,22864,PARAMETER_LINK
2242,22865,PARAMETER_LINK
2245,22866,PARAMETER_LINK
2256,22867,PARAMETER_LINK
2262,22868,PARAMETER_LINK
2265,22869,PARAMETER_LINK
2268,22870,PARAMETER_LINK
2274,22871,PARAMETER_LINK
2277,22872,PARAMETER_LINK
2280,22873,PARAMETER_LINK
2282,22874,PARAMETER_LINK
2358,22875,PARAMETER_LINK
2376,22876,PARAMETER_LINK
2384,22877,PARAMETER_LINK
2386,22878,PARAMETER_LINK
2396,22879,PARAMETER_LINK
2398,22880,PARAMETER_LINK
2418,22881,PARAMETER_LINK
2434,22882,PARAMETER_LINK
2436,22883,PARAMETER_LINK
2446,22884,PARAMETER_LINK
2456,22885,PARAMETER_LINK
2476,22886,PARAMETER_LINK
2482,22887,PARAMETER_LINK
2484,22888,PARAMETER_LINK
2495,22889,PARAMETER_LINK
2497,22890,PARAMETER_LINK
2501,22891,PARAMETER_LINK
2504,22892,PARAMETER_LINK
2513,22893,PARAMETER_LINK
2576,22894,PARAMETER_LINK
3722,22895,PARAMETER_LINK
3783,22896,PARAMETER_LINK
3838,22897,PARAMETER_LINK
3889,22898,PARAMETER_LINK
3951,22899,PARAMETER_LINK
3988,22900,PARAMETER_LINK
4074,22901,PARAMETER_LINK
4157,22902,PARAMETER_LINK
4229,22903,PARAMETER_LINK
4708,22904,PARAMETER_LINK
4759,22905,PARAMETER_LINK
4803,22906,PARAMETER_LINK
4855,22907,PARAMETER_LINK
4893,22908,PARAMETER_LINK
5003,22909,PARAMETER_LINK
5087,22910,PARAMETER_LINK
5395,22911,PARAMETER_LINK
5537,22912,PARAMETER_LINK
5576,22913,PARAMETER_LINK
5853,22914,PARAMETER_LINK
5906,22915,PARAMETER_LINK
6507,22916,PARAMETER_LINK
6559,22917,PARAMETER_LINK
6711,22918,PARAMETER_LINK
7553,22919,PARAMETER_LINK
7558,22920,PARAMETER_LINK
7590,22921,PARAMETER_LINK
7608,22922,PARAMETER_LINK
7619,22923,PARAMETER_LINK
7781,22924,PARAMETER_LINK
7831,22925,PARAMETER_LINK
7834,22926,PARAMETER_LINK
7837,22927,PARAMETER_LINK
7839,22928,PARAMETER_LINK
7848,22929,PARAMETER_LINK
7854,22930,PARAMETER_LINK
7906,22931,PARAMETER_LINK
7937,22932,PARAMETER_LINK
7939,22933,PARAMETER_LINK
7942,22934,PARAMETER_LINK
9744,22935,PARAMETER_LINK
9746,22936,PARAMETER_LINK
9754,22937,PARAMETER_LINK
9757,22938,PARAMETER_LINK
9779,22939,PARAMETER_LINK
21728,22940,PARAMETER_LINK
21729,22941,PARAMETER_LINK
21733,22942,PARAMETER_LINK
21737,22943,PARAMETER_LINK
21738,22944,PARAMETER_LINK
21742,22945,PARAMETER_LINK
21743,22946,PARAMETER_LINK
21747,22947,PARAMETER_LINK
21748,22948,PARAMETER_LINK
21752,22949,PARAMETER_LINK
21753,22950,PARAMETER_LINK
21757,22951,PARAMETER_LINK
21758,22952,PARAMETER_LINK
21762,22953,PARAMETER_LINK
21766,22954,PARAMETER_LINK
21770,22955,PARAMETER_LINK
21774,22956,PARAMETER_LINK
21778,22957,PARAMETER_LINK
21782,22958,PARAMETER_LINK
21783,22959,PARAMETER_LINK
21784,22960,PARAMETER_LINK
21785,22961,PARAMETER_LINK
21786,22962,PARAMETER_LINK
21796,22963,PARAMETER_LINK
21797,22964,PARAMETER_LINK
21801,22965,PARAMETER_LINK
21802,22966,PARAMETER_LINK
21803,22967,PARAMETER_LINK
21804,22968,PARAMETER_LINK
21805,22969,PARAMETER_LINK
21809,22970,PARAMETER_LINK
21810,22971,PARAMETER_LINK
21814,22972,PARAMETER_LINK
21815,22973,PARAMETER_LINK
21816,22974,PARAMETER_LINK
21820,22975,PARAMETER_LINK
21824,22976,PARAMETER_LINK
21828,22977,PARAMETER_LINK
21829,22978,PARAMETER_LINK
21833,22979,PARAMETER_LINK
21834,22980,PARAMETER_LINK
21835,22981,PARAMETER_LINK
21839,22982,PARAMETER_LINK
21843,22983,PARAMETER_LINK
21844,22984,PARAMETER_LINK
21848,22985,PARAMETER_LINK
21852,22986,PARAMETER_LINK
21859,22987,PARAMETER_LINK
21860,22988,PARAMETER_LINK
21864,22989,PARAMETER_LINK
21865,22990,PARAMETER_LINK
21869,22991,PARAMETER_LINK
21873,22992,PARAMETER_LINK
21874,22993,PARAMETER_LINK
21875,22994,PARAMETER_LINK
21879,22995,PARAMETER_LINK
21880,22996,PARAMETER_LINK
21881,22997,PARAMETER_LINK
21885,22998,PARAMETER_LINK
21889,22999,PARAMETER_LINK
21890,23000,PARAMETER_LINK
21894,23001,PARAMETER_LINK
21895,23002,PARAMETER_LINK
21896,23003,PARAMETER_LINK
21900,23004,PARAMETER_LINK
21901,23005,PARAMETER_LINK
21905,23006,PARAMETER_LINK
21909,23007,PARAMETER_LINK
21910,23008,PARAMETER_LINK
21914,23009,PARAMETER_LINK
21915,23010,PARAMETER_LINK
21919,23011,PARAMETER_LINK
21923,23012,PARAMETER_LINK
21927,23013,PARAMETER_LINK
21928,23014,PARAMETER_LINK
21932,23015,PARAMETER_LINK
21933,23016,PARAMETER_LINK
21937,23017,PARAMETER_LINK
21938,23018,PARAMETER_LINK
21939,23019,PARAMETER_LINK
21943,23020,PARAMETER_LINK
21947,23021,PARAMETER_LINK
21948,23022,PARAMETER_LINK
21952,23023,PARAMETER_LINK
21953,23024,PARAMETER_LINK
21957,23025,PARAMETER_LINK
21958,23026,PARAMETER_LINK
21962,23027,PARAMETER_LINK
21966,23028,PARAMETER_LINK
21967,23029,PARAMETER_LINK
21971,23030,PARAMETER_LINK
21972,23031,PARAMETER_LINK
21976,23032,PARAMETER_LINK
21977,23033,PARAMETER_LINK
21978,23034,PARAMETER_LINK
21982,23035,PARAMETER_LINK
21983,23036,PARAMETER_LINK
21984,23037,PARAMETER_LINK
21988,23038,PARAMETER_LINK
21992,23039,PARAMETER_LINK
21993,23040,PARAMETER_LINK
21994,23041,PARAMETER_LINK
21998,23042,PARAMETER_LINK
21999,23043,PARAMETER_LINK
22000,23044,PARAMETER_LINK
22004,23045,PARAMETER_LINK
22005,23046,PARAMETER_LINK
22006,23047,PARAMETER_LINK
22010,23048,PARAMETER_LINK
22011,23049,PARAMETER_LINK
22015,23050,PARAMETER_LINK
22016,23051,PARAMETER_LINK
22017,23052,PARAMETER_LINK
22018,23053,PARAMETER_LINK
22022,23054,PARAMETER_LINK
22023,23055,PARAMETER_LINK
22024,23056,PARAMETER_LINK
22028,23057,PARAMETER_LINK
22029,23058,PARAMETER_LINK
22033,23059,PARAMETER_LINK
22034,23060,PARAMETER_LINK
22038,23061,PARAMETER_LINK
22042,23062,PARAMETER_LINK
22043,23063,PARAMETER_LINK
22047,23064,PARAMETER_LINK
22048,23065,PARAMETER_LINK
22052,23066,PARAMETER_LINK
22053,23067,PARAMETER_LINK
22057,23068,PARAMETER_LINK
22058,23069,PARAMETER_LINK
22062,23070,PARAMETER_LINK
22063,23071,PARAMETER_LINK
22067,23072,PARAMETER_LINK
22068,23073,PARAMETER_LINK
22072,23074,PARAMETER_LINK
22073,23075,PARAMETER_LINK
22077,23076,PARAMETER_LINK
22078,23077,PARAMETER_LINK
22082,23078,PARAMETER_LINK
22083,23079,PARAMETER_LINK
22087,23080,PARAMETER_LINK
22088,23081,PARAMETER_LINK
22092,23082,PARAMETER_LINK
22093,23083,PARAMETER_LINK
22097,23084,PARAMETER_LINK
22101,23085,PARAMETER_LINK
22102,23086,PARAMETER_LINK
22103,23087,PARAMETER_LINK
22107,23088,PARAMETER_LINK
22108,23089,PARAMETER_LINK
22109,23090,PARAMETER_LINK
22113,23091,PARAMETER_LINK
22114,23092,PARAMETER_LINK
22115,23093,PARAMETER_LINK
22119,23094,PARAMETER_LINK
22123,23095,PARAMETER_LINK
22127,23096,PARAMETER_LINK
22128,23097,PARAMETER_LINK
22132,23098,PARAMETER_LINK
22136,23099,PARAMETER_LINK
22137,23100,PARAMETER_LINK
22141,23101,PARAMETER_LINK
22145,23102,PARAMETER_LINK
22146,23103,PARAMETER_LINK
22150,23104,PARAMETER_LINK
22151,23105,PARAMETER_LINK
22152,23106,PARAMETER_LINK
22156,23107,PARAMETER_LINK
22157,23108,PARAMETER_LINK
22158,23109,PARAMETER_LINK
22162,23110,PARAMETER_LINK
22163,23111,PARAMETER_LINK
22164,23112,PARAMETER_LINK
22165,23113,PARAMETER_LINK
22169,23114,PARAMETER_LINK
22170,23115,PARAMETER_LINK
22174,23116,PARAMETER_LINK
22175,23117,PARAMETER_LINK
22179,23118,PARAMETER_LINK
22180,23119,PARAMETER_LINK
22184,23120,PARAMETER_LINK
22185,23121,PARAMETER_LINK
22186,23122,PARAMETER_LINK
22190,23123,PARAMETER_LINK
22191,23124,PARAMETER_LINK
22192,23125,PARAMETER_LINK
22196,23126,PARAMETER_LINK
22197,23127,PARAMETER_LINK
22198,23128,PARAMETER_LINK
22202,23129,PARAMETER_LINK
22203,23130,PARAMETER_LINK
22207,23131,PARAMETER_LINK
22208,23132,PARAMETER_LINK
22209,23133,PARAMETER_LINK
22213,23134,PARAMETER_LINK
22217,23135,PARAMETER_LINK
22218,23136,PARAMETER_LINK
22219,23137,PARAMETER_LINK
22220,23138,PARAMETER_LINK
22224,23139,PARAMETER_LINK
22225,23140,PARAMETER_LINK
22226,23141,PARAMETER_LINK
22230,23142,PARAMETER_LINK
22231,23143,PARAMETER_LINK
22232,23144,PARAMETER_LINK
22233,23145,PARAMETER_LINK
22237,23146,PARAMETER_LINK
22238,23147,PARAMETER_LINK
22239,23148,PARAMETER_LINK
22240,23149,PARAMETER_LINK
22244,23150,PARAMETER_LINK
22245,23151,PARAMETER_LINK
22249,23152,PARAMETER_LINK
22250,23153,PARAMETER_LINK
22251,23154,PARAMETER_LINK
22252,23155,PARAMETER_LINK
22256,23156,PARAMETER_LINK
22257,23157,PARAMETER_LINK
22258,23158,PARAMETER_LINK
22259,23159,PARAMETER_LINK
22263,23160,PARAMETER_LINK
22264,23161,PARAMETER_LINK
22265,23162,PARAMETER_LINK
22269,23163,PARAMETER_LINK
22273,23164,PARAMETER_LINK
22274,23165,PARAMETER_LINK
22278,23166,PARAMETER_LINK
22279,23167,PARAMETER_LINK
22280,23168,PARAMETER_LINK
22284,23169,PARAMETER_LINK
22285,23170,PARAMETER_LINK
22286,23171,PARAMETER_LINK
22287,23172,PARAMETER_LINK
22291,23173,PARAMETER_LINK
22292,23174,PARAMETER_LINK
22296,23175,PARAMETER_LINK
22303,23176,PARAMETER_LINK
22304,23177,PARAMETER_LINK
22308,23178,PARAMETER_LINK
22309,23179,PARAMETER_LINK
22313,23180,PARAMETER_LINK
22320,23181,PARAMETER_LINK
22321,23182,PARAMETER_LINK
22325,23183,PARAMETER_LINK
22329,23184,PARAMETER_LINK
22330,23185,PARAMETER_LINK
22334,23186,PARAMETER_LINK
22338,23187,PARAMETER_LINK
22342,23188,PARAMETER_LINK
22346,23189,PARAMETER_LINK
22350,23190,PARAMETER_LINK
22351,23191,PARAMETER_LINK
22352,23192,PARAMETER_LINK
22353,23193,PARAMETER_LINK
22354,23194,PARAMETER_LINK
22358,23195,PARAMETER_LINK
22359,23196,PARAMETER_LINK
22360,23197,PARAMETER_LINK
22361,23198,PARAMETER_LINK
22365,23199,PARAMETER_LINK
22366,23200,PARAMETER_LINK
22367,23201,PARAMETER_LINK
22371,23202,PARAMETER_LINK
22372,23203,PARAMETER_LINK
22373,23204,PARAMETER_LINK
22380,23205,PARAMETER_LINK
22384,23206,PARAMETER_LINK
22388,23207,PARAMETER_LINK
22395,23208,PARAMETER_LINK
22402,23209,PARAMETER_LINK
22406,23210,PARAMETER_LINK
22410,23211,PARAMETER_LINK
22414,23212,PARAMETER_LINK
22415,23213,PARAMETER_LINK
22422,23214,PARAMETER_LINK
22426,23215,PARAMETER_LINK
22430,23216,PARAMETER_LINK
22434,23217,PARAMETER_LINK
22438,23218,PARAMETER_LINK
22442,23219,PARAMETER_LINK
22446,23220,PARAMETER_LINK
22447,23221,PARAMETER_LINK
22451,23222,PARAMETER_LINK
22455,23223,PARAMETER_LINK
22456,23224,PARAMETER_LINK
22460,23225,PARAMETER_LINK
22464,23226,PARAMETER_LINK
22468,23227,PARAMETER_LINK
22469,23228,PARAMETER_LINK
22473,23229,PARAMETER_LINK
22474,23230,PARAMETER_LINK
22478,23231,PARAMETER_LINK
22485,23232,PARAMETER_LINK
22489,23233,PARAMETER_LINK
22496,23234,PARAMETER_LINK
22500,23235,PARAMETER_LINK
22504,23236,PARAMETER_LINK
22508,23237,PARAMETER_LINK
22512,23238,PARAMETER_LINK
22516,23239,PARAMETER_LINK
22517,23240,PARAMETER_LINK
22521,23241,PARAMETER_LINK
22525,23242,PARAMETER_LINK
22526,23243,PARAMETER_LINK
22527,23244,PARAMETER_LINK
22531,23245,PARAMETER_LINK
22532,23246,PARAMETER_LINK
22533,23247,PARAMETER_LINK
22534,23248,PARAMETER_LINK
22535,23249,PARAMETER_LINK
22539,23250,PARAMETER_LINK
22540,23251,PARAMETER_LINK
22544,23252,PARAMETER_LINK
22545,23253,PARAMETER_LINK
22549,23254,PARAMETER_LINK
22550,23255,PARAMETER_LINK
22554,23256,PARAMETER_LINK
22558,23257,PARAMETER_LINK
22559,23258,PARAMETER_LINK
22566,23259,PARAMETER_LINK
22567,23260,PARAMETER_LINK
22571,23261,PARAMETER_LINK
22572,23262,PARAMETER_LINK
22576,23263,PARAMETER_LINK
22580,23264,PARAMETER_LINK
22584,23265,PARAMETER_LINK
22588,23266,PARAMETER_LINK
22592,23267,PARAMETER_LINK
22596,23268,PARAMETER_LINK
22597,23269,PARAMETER_LINK
22601,23270,PARAMETER_LINK
22605,23271,PARAMETER_LINK
22609,23272,PARAMETER_LINK
22610,23273,PARAMETER_LINK
22614,23274,PARAMETER_LINK
22618,23275,PARAMETER_LINK
22622,23276,PARAMETER_LINK
22623,23277,PARAMETER_LINK
22624,23278,PARAMETER_LINK
22628,23279,PARAMETER_LINK
22629,23280,PARAMETER_LINK
22633,23281,PARAMETER_LINK
22634,23282,PARAMETER_LINK
22638,23283,PARAMETER_LINK
22639,23284,PARAMETER_LINK
22643,23285,PARAMETER_LINK
22644,23286,PARAMETER_LINK
22645,23287,PARAMETER_LINK
22646,23288,PARAMETER_LINK
22647,23289,PARAMETER_LINK
22651,23290,PARAMETER_LINK
22652,23291,PARAMETER_LINK
22656,23292,PARAMETER_LINK
22657,23293,PARAMETER_LINK
22661,23294,PARAMETER_LINK
22662,23295,PARAMETER_LINK
22663,23296,PARAMETER_LINK
22667,23297,PARAMETER_LINK
22671,23298,PARAMETER_LINK
22675,23299,PARAMETER_LINK
22679,23300,PARAMETER_LINK
22683,23301,PARAMETER_LINK
22684,23302,PARAMETER_LINK
22688,23303,PARAMETER_LINK
22692,23304,PARAMETER_LINK
22693,23305,PARAMETER_LINK
22700,23306,PARAMETER_LINK
22704,23307,PARAMETER_LINK
22705,23308,PARAMETER_LINK
22706,23309,PARAMETER_LINK
22710,23310,PARAMETER_LINK
22714,23311,PARAMETER_LINK
22715,23312,PARAMETER_LINK
22716,23313,PARAMETER_LINK
22720,23314,PARAMETER_LINK
22724,23315,PARAMETER_LINK
22725,23316,PARAMETER_LINK
22729,23317,PARAMETER_LINK
22736,23318,PARAMETER_LINK
22746,23319,PARAMETER_LINK
22747,23320,PARAMETER_LINK
22751,23321,PARAMETER_LINK
22758,23322,PARAMETER_LINK
22762,23323,PARAMETER_LINK
