2,21595,SOURCE_FILE
11,21596,SOURCE_FILE
12,21596,SOURCE_FILE
193,21597,SOURCE_FILE
194,21597,SOURCE_FILE
524,21598,SOURCE_FILE
525,21598,SOURCE_FILE
2524,21599,SOURCE_FILE
2525,21599,SOURCE_FILE
2528,21599,SOURCE_FILE
8003,21600,SOURCE_FILE
8004,21600,SOURCE_FILE
9780,21601,SOURCE_FILE
9781,21601,SOURCE_FILE
9864,21602,SOURCE_FILE
9865,21602,SOURCE_FILE
9917,21603,SOURCE_FILE
9918,21603,SOURCE_FILE
10062,21604,SOURCE_FILE
10063,21604,SOURCE_FILE
10323,21605,SOURCE_FILE
10324,21605,SOURCE_FILE
10528,21606,SOURCE_FILE
10529,21606,SOURCE_FILE
10559,21607,SOURCE_FILE
10560,21607,SOURCE_FILE
10637,21608,SOURCE_FILE
10638,21608,SOURCE_FILE
10860,21609,SOURCE_FILE
10861,21609,SOURCE_FILE
11051,21610,SOURCE_FILE
11052,21610,SOURCE_FILE
11239,21611,SOURCE_FILE
11240,21611,SOURCE_FILE
11338,21612,SOURCE_FILE
11339,21612,SOURCE_FILE
11386,21613,SOURCE_FILE
11387,21613,SOURCE_FILE
11480,21614,SOURCE_FILE
11481,21614,SOURCE_FILE
11495,21615,SOURCE_FILE
11496,21615,SOURCE_FILE
11510,21616,SOURCE_FILE
11511,21616,SOURCE_FILE
11515,21617,SOURCE_FILE
11516,21617,SOURCE_FILE
11530,21618,SOURCE_FILE
11531,21618,SOURCE_FILE
11577,21619,SOURCE_FILE
11578,21619,SOURCE_FILE
11755,21620,SOURCE_FILE
11756,21620,SOURCE_FILE
12003,21621,SOURCE_FILE
12004,21621,SOURCE_FILE
12249,21622,SOURCE_FILE
12250,21622,SOURCE_FILE
12377,21623,SOURCE_FILE
12378,21623,SOURCE_FILE
12496,21624,SOURCE_FILE
12497,21624,SOURCE_FILE
12558,21625,SOURCE_FILE
12559,21625,SOURCE_FILE
12807,21626,SOURCE_FILE
12808,21626,SOURCE_FILE
13007,21627,SOURCE_FILE
13008,21627,SOURCE_FILE
13229,21628,SOURCE_FILE
13230,21628,SOURCE_FILE
13445,21629,SOURCE_FILE
13446,21629,SOURCE_FILE
13608,21630,SOURCE_FILE
13609,21630,SOURCE_FILE
13654,21631,SOURCE_FILE
13655,21631,SOURCE_FILE
13768,21632,SOURCE_FILE
13769,21632,SOURCE_FILE
13809,21633,SOURCE_FILE
13810,21633,SOURCE_FILE
13846,21634,SOURCE_FILE
13847,21634,SOURCE_FILE
13882,21635,SOURCE_FILE
13883,21635,SOURCE_FILE
13911,21636,SOURCE_FILE
13912,21636,SOURCE_FILE
13946,21637,SOURCE_FILE
13947,21637,SOURCE_FILE
13974,21638,SOURCE_FILE
13975,21638,SOURCE_FILE
14017,21639,SOURCE_FILE
14018,21639,SOURCE_FILE
14221,21640,SOURCE_FILE
14222,21640,SOURCE_FILE
14427,21641,SOURCE_FILE
14428,21641,SOURCE_FILE
14575,21642,SOURCE_FILE
14576,21642,SOURCE_FILE
14701,21643,SOURCE_FILE
14702,21643,SOURCE_FILE
14849,21644,SOURCE_FILE
14850,21644,SOURCE_FILE
14954,21645,SOURCE_FILE
14955,21645,SOURCE_FILE
14996,21646,SOURCE_FILE
14997,21646,SOURCE_FILE
15141,21647,SOURCE_FILE
15142,21647,SOURCE_FILE
15249,21648,SOURCE_FILE
15250,21648,SOURCE_FILE
15349,21649,SOURCE_FILE
15350,21649,SOURCE_FILE
15404,21650,SOURCE_FILE
15405,21650,SOURCE_FILE
15454,21651,SOURCE_FILE
15455,21651,SOURCE_FILE
15491,21652,SOURCE_FILE
15492,21652,SOURCE_FILE
15533,21653,SOURCE_FILE
15534,21653,SOURCE_FILE
15613,21654,SOURCE_FILE
15614,21654,SOURCE_FILE
15622,21655,SOURCE_FILE
15623,21655,SOURCE_FILE
15666,21656,SOURCE_FILE
15667,21656,SOURCE_FILE
15732,21657,SOURCE_FILE
15733,21657,SOURCE_FILE
15821,21658,SOURCE_FILE
15822,21658,SOURCE_FILE
15848,21659,SOURCE_FILE
15849,21659,SOURCE_FILE
15876,21660,SOURCE_FILE
15877,21660,SOURCE_FILE
15898,21661,SOURCE_FILE
15899,21661,SOURCE_FILE
15932,21662,SOURCE_FILE
15933,21662,SOURCE_FILE
16008,21663,SOURCE_FILE
16009,21663,SOURCE_FILE
16207,21664,SOURCE_FILE
16208,21664,SOURCE_FILE
16222,21665,SOURCE_FILE
16223,21665,SOURCE_FILE
16229,21666,SOURCE_FILE
16230,21666,SOURCE_FILE
16240,21667,SOURCE_FILE
16241,21667,SOURCE_FILE
16255,21668,SOURCE_FILE
16256,21668,SOURCE_FILE
16293,21669,SOURCE_FILE
16294,21669,SOURCE_FILE
16398,21670,SOURCE_FILE
16399,21670,SOURCE_FILE
16450,21671,SOURCE_FILE
16451,21671,SOURCE_FILE
16521,21672,SOURCE_FILE
16522,21672,SOURCE_FILE
16632,21673,SOURCE_FILE
16633,21673,SOURCE_FILE
16662,21674,SOURCE_FILE
16663,21674,SOURCE_FILE
16699,21675,SOURCE_FILE
16700,21675,SOURCE_FILE
16763,21676,SOURCE_FILE
16764,21676,SOURCE_FILE
16954,21677,SOURCE_FILE
16955,21677,SOURCE_FILE
17072,21678,SOURCE_FILE
17073,21678,SOURCE_FILE
17231,21679,SOURCE_FILE
17232,21679,SOURCE_FILE
17387,21680,SOURCE_FILE
17388,21680,SOURCE_FILE
17561,21681,SOURCE_FILE
17562,21681,SOURCE_FILE
17710,21682,SOURCE_FILE
17711,21682,SOURCE_FILE
17755,21683,SOURCE_FILE
17756,21683,SOURCE_FILE
17812,21684,SOURCE_FILE
17813,21684,SOURCE_FILE
17895,21685,SOURCE_FILE
17896,21685,SOURCE_FILE
18166,21686,SOURCE_FILE
18167,21686,SOURCE_FILE
18330,21687,SOURCE_FILE
18331,21687,SOURCE_FILE
18467,21688,SOURCE_FILE
18468,21688,SOURCE_FILE
18608,21689,SOURCE_FILE
18609,21689,SOURCE_FILE
18710,21690,SOURCE_FILE
18711,21690,SOURCE_FILE
18766,21691,SOURCE_FILE
18767,21691,SOURCE_FILE
18926,21692,SOURCE_FILE
18927,21692,SOURCE_FILE
19065,21693,SOURCE_FILE
19066,21693,SOURCE_FILE
19217,21694,SOURCE_FILE
19218,21694,SOURCE_FILE
19280,21695,SOURCE_FILE
19281,21695,SOURCE_FILE
19375,21696,SOURCE_FILE
19376,21696,SOURCE_FILE
19536,21697,SOURCE_FILE
19537,21697,SOURCE_FILE
19808,21698,SOURCE_FILE
19809,21698,SOURCE_FILE
20025,21699,SOURCE_FILE
20026,21699,SOURCE_FILE
20068,21700,SOURCE_FILE
20069,21700,SOURCE_FILE
20166,21701,SOURCE_FILE
20167,21701,SOURCE_FILE
20218,21702,SOURCE_FILE
20219,21702,SOURCE_FILE
20264,21703,SOURCE_FILE
20265,21703,SOURCE_FILE
20302,21704,SOURCE_FILE
20303,21704,SOURCE_FILE
20319,21705,SOURCE_FILE
20320,21705,SOURCE_FILE
20371,21706,SOURCE_FILE
20372,21706,SOURCE_FILE
20483,21707,SOURCE_FILE
20484,21707,SOURCE_FILE
20510,21708,SOURCE_FILE
20511,21708,SOURCE_FILE
20515,21709,SOURCE_FILE
20516,21709,SOURCE_FILE
20527,21710,SOURCE_FILE
20528,21710,SOURCE_FILE
20555,21711,SOURCE_FILE
20556,21711,SOURCE_FILE
20597,21712,SOURCE_FILE
20598,21712,SOURCE_FILE
20726,21713,SOURCE_FILE
20727,21713,SOURCE_FILE
20767,21714,SOURCE_FILE
20768,21714,SOURCE_FILE
20804,21715,SOURCE_FILE
20805,21715,SOURCE_FILE
20838,21716,SOURCE_FILE
20839,21716,SOURCE_FILE
20866,21717,SOURCE_FILE
20867,21717,SOURCE_FILE
20922,21718,SOURCE_FILE
20923,21718,SOURCE_FILE
21113,21719,SOURCE_FILE
21114,21719,SOURCE_FILE
21251,21720,SOURCE_FILE
21252,21720,SOURCE_FILE
21370,21721,SOURCE_FILE
21371,21721,SOURCE_FILE
21496,21722,SOURCE_FILE
21497,21722,SOURCE_FILE
